acel_x,acel_y,acel_z,gyro_x,gyro_y,gyro_z,solo,nivel,user_id
0.465254,-0.748765,-0.468560,-0.002388,0.122209,0.029241,4.000000,3.000000,2.000000
0.473012,-0.734533,-0.461088,0.030905,0.161018,0.034745,4.000000,3.000000,2.000000
0.451919,-0.751419,-0.419390,0.014418,0.008017,0.013675,4.000000,3.000000,2.000000
0.460890,-0.748765,-0.455062,-0.010321,0.098129,0.020396,4.000000,3.000000,2.000000
0.463557,-0.735015,-0.450000,-0.013377,0.089898,0.024065,4.000000,3.000000,2.000000
0.480285,-0.728502,-0.457713,0.035185,0.074031,0.009103,4.000000,3.000000,2.000000
0.459435,-0.767098,-0.443493,0.035498,0.033114,-0.019302,4.000000,3.000000,2.000000
0.456041,-0.718612,-0.418908,-0.012451,0.035563,-0.008310,4.000000,3.000000,2.000000
0.457253,-0.706792,-0.442528,0.075819,0.065808,-0.016863,4.000000,3.000000,2.000000
0.465739,-0.761550,-0.443734,0.106377,0.085062,-0.033055,4.000000,3.000000,2.000000
0.459435,-0.744182,-0.438672,0.037661,0.094843,-0.021451,4.000000,3.000000,2.000000
0.477861,-0.748524,-0.469283,0.065462,0.088750,-0.031839,4.000000,3.000000,2.000000
0.457253,-0.743217,-0.451447,0.043482,0.053334,-0.055364,4.000000,3.000000,2.000000
0.454344,-0.737669,-0.446385,0.050208,0.047540,-0.048654,4.000000,3.000000,2.000000
0.438827,-0.727779,-0.440118,0.030668,0.074121,-0.041026,4.000000,3.000000,2.000000
0.452404,-0.708239,-0.473139,0.109473,0.079021,-0.027288,4.000000,3.000000,2.000000
0.454586,-0.817273,-0.433369,0.198974,0.059785,-0.009270,4.000000,3.000000,2.000000
0.474467,-0.778677,-0.459642,-0.146768,0.028329,-0.044397,4.000000,3.000000,2.000000
0.471315,-0.746594,-0.492180,0.107036,-0.022067,-0.001334,4.000000,3.000000,2.000000
0.446828,-0.882404,-0.374076,-0.025513,-0.065440,-0.032794,4.000000,3.000000,2.000000
0.408521,-0.734533,-0.394805,-0.410052,0.071394,0.006302,4.000000,3.000000,2.000000
0.447798,-0.668437,-0.507606,-0.034981,0.110184,0.113814,4.000000,3.000000,2.000000
0.446343,-0.736463,-0.436744,0.037709,0.037500,0.036854,4.000000,3.000000,2.000000
0.462587,-0.757691,-0.406615,-0.014516,0.050945,0.031363,4.000000,3.000000,2.000000
0.449980,-0.757691,-0.416979,-0.016046,0.036904,0.013958,4.000000,3.000000,2.000000
0.460890,-0.739116,-0.420836,0.011441,0.058902,-0.007726,4.000000,3.000000,2.000000
0.456526,-0.757691,-0.425174,0.102772,0.047916,-0.010477,4.000000,3.000000,2.000000
0.458950,-0.788567,-0.419631,0.043533,0.022572,-0.026361,4.000000,3.000000,2.000000
0.464526,-0.781813,-0.433851,-0.001665,-0.008884,-0.014760,4.000000,3.000000,2.000000
0.438585,-0.738151,-0.412882,-0.020908,-0.023240,-0.043472,4.000000,3.000000,2.000000
0.448525,-0.753107,-0.426380,0.038653,0.006385,-0.009881,4.000000,3.000000,2.000000
0.441252,-0.703173,-0.388297,0.000781,0.025933,0.013942,4.000000,3.000000,2.000000
0.456768,-0.737669,-0.439877,0.110437,0.084585,0.026773,4.000000,3.000000,2.000000
0.463799,-0.734774,-0.416979,0.130005,0.037256,0.029527,4.000000,3.000000,2.000000
0.455313,-0.764927,-0.402518,0.178594,0.042760,0.023729,4.000000,3.000000,2.000000
0.466224,-0.773129,-0.419631,0.134946,0.056513,0.002963,4.000000,3.000000,2.000000
0.469375,-0.746353,-0.415051,0.137717,0.017426,0.012127,4.000000,3.000000,2.000000
0.469133,-0.773611,-0.418185,0.051913,0.023843,-0.030938,4.000000,3.000000,2.000000
0.459677,-0.723678,-0.450723,0.069633,0.048894,-0.006203,4.000000,3.000000,2.000000
0.457253,-0.727779,-0.471934,0.062321,-0.013102,-0.062099,4.000000,3.000000,2.000000
0.446828,-0.739116,-0.402518,0.160370,-0.027153,-0.142738,4.000000,3.000000,2.000000
0.495802,-0.768304,-0.404687,0.095007,0.045540,-0.085928,4.000000,3.000000,2.000000
0.460647,-0.568569,-0.511222,-0.284026,0.025386,-0.199556,4.000000,3.000000,2.000000
0.545988,-0.794839,-0.634869,1.079119,-0.014626,-0.019045,4.000000,3.000000,2.000000
0.155165,-0.916176,0.111126,0.267279,-0.116335,0.025853,4.000000,3.000000,2.000000
0.697274,-0.785914,-0.169684,-0.717741,0.971616,-0.166875,4.000000,3.000000,2.000000
0.054550,-0.528767,0.244672,-0.265700,1.281936,-0.548055,4.000000,3.000000,2.000000
0.285844,-1.282598,-1.428576,-0.280972,2.317963,-0.168096,4.000000,3.000000,2.000000
0.377246,-0.623087,-1.004366,-0.289830,0.753232,0.407644,4.000000,3.000000,2.000000
0.330211,-0.700520,-0.490734,-0.124285,0.067535,0.095492,4.000000,3.000000,2.000000
0.333606,-0.745870,-0.440600,-0.022274,0.074261,0.006003,4.000000,3.000000,2.000000
0.340879,-0.761550,-0.508329,0.167705,0.021116,-0.029121,4.000000,3.000000,2.000000
0.276146,-0.846944,-0.441082,0.162529,-0.013397,-0.077690,4.000000,3.000000,2.000000
0.191532,-0.787844,-0.327558,0.013173,-0.031418,-0.069443,4.000000,3.000000,2.000000
0.458465,-0.897843,-0.293091,-0.011873,0.268212,-0.190089,4.000000,3.000000,2.000000
0.146680,-0.627429,-0.586664,-0.550656,0.168030,-0.208110,4.000000,3.000000,2.000000
0.619934,-0.874444,-2.049225,0.446887,-0.287065,-0.084104,4.000000,3.000000,2.000000
0.679333,-0.800629,-1.249251,2.350954,-2.269628,0.777216,4.000000,3.000000,2.000000
-0.108855,-0.950189,0.750343,1.062029,-3.062226,-0.186729,4.000000,3.000000,2.000000
0.429614,-0.614885,0.142806,-0.443449,-0.370448,-0.282941,4.000000,3.000000,2.000000
0.536048,-0.706551,-0.983397,0.316162,0.617321,-0.070054,4.000000,3.000000,2.000000
0.550595,-0.864312,-0.514596,0.241942,-0.138930,-0.120450,4.000000,3.000000,2.000000
0.390338,-0.592451,-0.250911,-0.267520,-0.179552,0.102821,4.000000,3.000000,2.000000
0.634966,-0.490895,-0.592689,0.228808,0.124658,-0.136027,4.000000,3.000000,2.000000
0.068127,-1.209024,-0.326594,1.265141,-0.074789,0.002944,4.000000,3.000000,2.000000
0.366336,-0.761791,0.466192,-1.185345,0.827764,-0.087464,4.000000,3.000000,2.000000
0.104737,-0.626464,-0.090868,-0.767513,1.850047,-0.484221,4.000000,3.000000,2.000000
0.322211,-0.969246,-1.052813,0.464908,2.711062,-0.192533,4.000000,3.000000,2.000000
0.407552,-0.796769,-1.417007,-0.370145,1.449014,-0.034624,4.000000,3.000000,2.000000
0.228142,-0.718371,-0.622818,-0.647172,0.205598,-0.019963,4.000000,3.000000,2.000000
0.194442,-0.655170,-0.537494,-0.318527,0.016535,-0.091129,4.000000,3.000000,2.000000
0.295542,-0.864071,-0.628362,0.227892,-0.050354,-0.111898,4.000000,3.000000,2.000000
0.469618,-0.713064,-1.102465,-0.247056,-0.606547,-0.031875,4.000000,3.000000,2.000000
0.275419,-0.847427,-1.126327,1.053476,-1.816060,0.015162,4.000000,3.000000,2.000000
0.515198,-1.000846,-0.904098,1.269112,-2.790085,0.560664,4.000000,3.000000,2.000000
0.103040,-0.700761,0.240285,0.442306,-3.271752,0.600065,4.000000,3.000000,2.000000
0.208261,-0.742976,0.409654,-0.194521,-1.879285,0.242709,4.000000,3.000000,2.000000
0.545746,-0.677604,-0.147027,-0.261411,-0.338988,0.029822,4.000000,3.000000,2.000000
0.507197,-0.707033,-0.275255,0.159170,-0.077843,-0.007746,4.000000,3.000000,2.000000
0.536290,-0.829817,-0.299599,-0.224454,0.042802,-0.062113,4.000000,3.000000,2.000000
0.525380,-0.685082,-0.222951,0.002177,0.115495,-0.124421,4.000000,3.000000,2.000000
0.791586,-0.619468,-0.524960,0.270653,0.191863,-0.140925,4.000000,3.000000,2.000000
0.102555,-0.506816,-0.078575,0.254770,-0.151748,0.065548,4.000000,3.000000,2.000000
0.574354,-1.068631,0.236386,0.364115,1.235832,0.148320,4.000000,3.000000,2.000000
0.009698,-0.478592,0.136470,-0.419930,1.695508,-0.229806,4.000000,3.000000,2.000000
0.777282,-1.116876,-1.027023,-0.216818,2.530255,-0.226751,4.000000,3.000000,2.000000
0.601266,-0.800146,-1.193815,-0.282486,0.961248,-0.153142,4.000000,3.000000,2.000000
0.442464,-0.776265,-0.509534,-0.287678,0.154295,0.042335,4.000000,3.000000,2.000000
0.394217,-0.639731,-0.387333,-0.400688,0.075188,-0.077089,4.000000,3.000000,2.000000
0.508652,-0.737669,-0.797564,0.146953,0.065720,-0.094194,4.000000,3.000000,2.000000
0.595205,-0.717165,-0.909401,0.159170,-0.740012,-0.249659,4.000000,3.000000,2.000000
0.689759,-1.041131,-1.024613,1.056836,-1.651117,0.425042,4.000000,3.000000,2.000000
0.234445,-0.609337,0.034605,0.315551,-2.493195,0.518199,4.000000,3.000000,2.000000
0.224505,-0.728261,0.272209,-0.227202,-1.681355,0.016678,4.000000,3.000000,2.000000
0.440767,-0.655893,-0.134253,-0.145652,-0.345087,-0.061512,4.000000,3.000000,2.000000
0.582597,-0.775541,-0.285619,0.155810,0.140856,-0.210258,4.000000,3.000000,2.000000
0.542351,-0.680498,-0.316471,-0.011872,0.098706,-0.271039,4.000000,3.000000,2.000000
0.566111,-0.665301,-0.256213,0.026918,0.205913,-0.215756,4.000000,3.000000,2.000000
0.718125,-0.658064,-0.579915,0.407792,0.173537,0.036837,4.000000,3.000000,2.000000
0.154438,-0.718612,0.378461,0.149702,-0.022856,0.288819,4.000000,3.000000,2.000000
0.683213,-0.848150,-0.144617,-0.196659,1.239497,0.232008,4.000000,3.000000,2.000000
0.356395,-0.551684,-0.184628,-0.368312,1.099914,-0.016308,4.000000,3.000000,2.000000
0.657756,-1.050539,-1.013525,0.418177,1.403820,0.122664,4.000000,3.000000,2.000000
0.556413,-0.660477,-0.683075,-0.308447,0.440791,0.050276,4.000000,3.000000,2.000000
0.469618,-0.604030,-0.500375,0.114577,0.086184,0.008737,4.000000,3.000000,2.000000
0.487316,-0.653240,-0.358892,0.189713,0.069079,-0.084114,4.000000,3.000000,2.000000
0.630844,-0.567846,-0.610043,-0.161534,0.111840,-0.197124,4.000000,3.000000,2.000000
0.306209,-0.768787,-0.439636,1.818280,-0.014304,0.180390,4.000000,3.000000,2.000000
0.260872,-1.098060,0.695755,-0.926643,0.577014,-0.171163,4.000000,3.000000,2.000000
0.826013,-0.822580,0.016815,-1.705191,2.185422,-0.507749,4.000000,3.000000,2.000000
0.140619,-0.412255,-0.332378,-0.084565,2.970078,-0.525465,4.000000,3.000000,2.000000
0.126557,-1.114464,-1.679728,-0.647783,2.873867,-0.673294,4.000000,3.000000,2.000000
0.160984,-0.643832,-0.912534,-0.766902,1.088614,-0.087169,4.000000,3.000000,2.000000
0.157347,-0.621639,-1.367355,0.259352,0.198888,-0.007145,4.000000,3.000000,2.000000
-0.198209,-0.628876,-1.583799,0.664050,-1.474272,-0.102135,4.000000,3.000000,2.000000
0.753037,-1.266195,-1.407125,2.248940,-2.925077,0.623573,4.000000,3.000000,2.000000
0.049459,-0.772405,0.691612,0.722999,-4.101298,0.301952,4.000000,3.000000,2.000000
0.179168,-0.765410,0.576343,-0.784006,-2.017025,-0.184907,4.000000,3.000000,2.000000
0.631329,-0.270655,-0.530745,0.955433,-0.273005,0.155650,4.000000,3.000000,2.000000
-0.199937,-1.569657,0.595351,0.859527,0.094125,0.411297,4.000000,3.000000,2.000000
0.992331,-1.145582,0.469604,-2.144708,2.450232,-0.458880,4.000000,3.000000,2.000000
-0.175500,-0.265831,0.233218,-1.649908,2.986877,-0.818374,4.000000,3.000000,2.000000
-0.004937,-1.111328,-2.263258,0.345484,4.159433,-0.600601,4.000000,3.000000,2.000000
0.047762,-0.777471,-1.194538,-0.160923,1.338763,-0.293947,4.000000,3.000000,2.000000
0.125587,-0.744182,-0.649331,-0.252859,0.363822,-0.113741,4.000000,3.000000,2.000000
0.041943,-0.821857,-1.239128,-0.167643,-0.179848,0.064326,4.000000,3.000000,2.000000
-0.318418,-0.460500,-1.382781,0.372973,-1.830101,0.038670,4.000000,3.000000,2.000000
0.617995,-1.233871,-1.326380,2.407459,-2.990745,0.666639,4.000000,3.000000,2.000000
0.184259,-0.801594,0.585360,0.345178,-3.967213,0.414657,4.000000,3.000000,2.000000
0.186198,-0.642385,0.581948,-0.628846,-1.962048,0.020344,4.000000,3.000000,2.000000
0.562232,-0.331686,-0.396974,0.612127,-0.307824,0.090593,4.000000,3.000000,2.000000
0.035640,-1.399110,0.109420,1.362574,0.074272,0.339215,4.000000,3.000000,2.000000
0.642239,-0.866483,0.933359,-1.860351,1.790498,-0.397488,4.000000,3.000000,2.000000
-0.088120,-0.568087,0.136714,-1.384487,3.055905,-0.772560,4.000000,3.000000,2.000000
0.060127,-0.809072,-1.945824,0.500644,4.052226,-0.597852,4.000000,3.000000,2.000000
0.144983,-0.812449,-1.347832,-0.560124,1.683596,-0.384355,4.000000,3.000000,2.000000
0.100130,-0.763480,-0.753696,-0.010956,0.408415,-0.141841,4.000000,3.000000,2.000000
0.126314,-0.817997,-0.552679,-0.194826,0.000662,0.005072,4.000000,3.000000,2.000000
0.061824,-0.742976,-1.289021,-0.160007,-0.509715,0.175198,4.000000,3.000000,2.000000
-0.086886,-0.635871,-1.479433,1.003691,-1.793754,0.230176,4.000000,3.000000,2.000000
0.448283,-1.045473,-0.914221,1.876007,-3.228371,0.615632,4.000000,3.000000,2.000000
0.199533,-0.779642,0.452545,-0.001488,-3.408882,0.450087,4.000000,3.000000,2.000000
0.279783,-0.655893,0.334108,-0.017981,-1.633402,0.169089,4.000000,3.000000,2.000000
0.449010,-0.677362,-0.108463,0.232474,-0.345393,-0.050211,4.000000,3.000000,2.000000
0.550110,-0.793633,-0.367810,0.041578,0.053502,-0.150699,4.000000,3.000000,2.000000
0.491438,-0.634424,-0.396251,0.125267,0.124668,-0.085642,4.000000,3.000000,2.000000
0.614600,-0.712340,-0.536048,0.217518,0.121319,-0.029144,4.000000,3.000000,2.000000
0.365851,-0.787361,-0.161007,0.605417,0.036103,0.182216,4.000000,3.000000,2.000000
0.494832,-0.961526,0.145731,-0.658463,0.835115,0.145869,4.000000,3.000000,2.000000
0.529259,-0.719818,-0.318640,-1.280629,1.343660,-0.011429,4.000000,3.000000,2.000000
0.267660,-0.349778,-0.195474,-0.024690,1.609692,-0.113443,4.000000,3.000000,2.000000
0.487559,-0.886023,-1.549332,-0.006059,1.829604,-0.060909,4.000000,3.000000,2.000000
0.352031,-0.580631,-0.774425,0.096261,0.270370,0.072565,4.000000,3.000000,2.000000
0.336030,-0.681704,-0.513150,0.082822,0.025108,-0.013567,4.000000,3.000000,2.000000
0.386216,-0.516947,-0.608838,0.140556,0.085891,-0.026396,4.000000,3.000000,2.000000
0.367548,-0.873238,-0.543760,1.059603,0.042214,-0.074654,4.000000,3.000000,2.000000
0.366093,-1.061876,-0.069657,-0.333781,0.394683,-0.153761,4.000000,3.000000,2.000000
0.710851,-0.837536,-0.247536,-0.745199,1.122529,-0.175753,4.000000,3.000000,2.000000
0.093099,-0.447233,-0.178843,-0.449845,1.132914,-0.485156,4.000000,3.000000,2.000000
0.105464,-0.948983,-1.152840,0.197061,1.896190,-0.443006,4.000000,3.000000,2.000000
0.121708,-0.751177,-0.983879,-0.032319,0.726994,-0.171476,4.000000,3.000000,2.000000
0.221353,-0.671573,-0.625469,-0.111731,0.239523,0.045075,4.000000,3.000000,2.000000
0.019153,-0.696660,-1.136932,-0.180759,-0.105310,-0.012651,4.000000,3.000000,2.000000
-0.038013,-0.570499,-1.051608,0.902000,-1.139810,0.144952,4.000000,3.000000,2.000000
0.463314,-0.988544,-1.002197,1.498204,-1.883233,0.409762,4.000000,3.000000,2.000000
0.253598,-0.608131,0.308764,-0.465728,-2.261970,0.321797,4.000000,3.000000,2.000000
0.457495,-0.481246,-0.337199,0.153079,-0.662419,-0.001961,4.000000,3.000000,2.000000
0.146195,-0.980342,-0.178602,1.482932,-0.254361,0.090585,4.000000,3.000000,2.000000
0.552292,-1.153542,0.300234,-0.491384,0.784721,-0.075571,4.000000,3.000000,2.000000
0.527077,-0.691353,-0.098581,-1.922641,1.534252,-0.515088,4.000000,3.000000,2.000000
0.042428,-0.623810,-0.747912,-0.134333,2.400459,-0.480574,4.000000,3.000000,2.000000
0.111040,-0.815826,-1.477023,-0.321258,2.043714,-0.439035,4.000000,3.000000,2.000000
0.136497,-0.713546,-0.725014,-0.192366,0.531822,-0.083512,4.000000,3.000000,2.000000
0.125587,-0.731879,-0.783102,-0.192671,0.171717,0.048435,4.000000,3.000000,2.000000
-0.096019,-0.581837,-1.009910,0.178430,-0.826131,-0.040751,4.000000,3.000000,2.000000
0.098675,-0.968281,-1.504982,1.313417,-1.294359,0.317521,4.000000,3.000000,2.000000
0.416522,-0.820409,-0.239100,0.453624,-2.617493,0.360893,4.000000,3.000000,2.000000
0.266206,-0.470149,0.131840,-0.212830,-1.599181,0.295225,4.000000,3.000000,2.000000
0.346213,-0.756243,-0.369979,0.928267,-0.472440,-0.015706,4.000000,3.000000,2.000000
0.343788,-0.978653,0.107227,0.185149,0.046795,0.016365,4.000000,3.000000,2.000000
0.697759,-0.951154,0.011697,-0.845380,1.068162,-0.260968,4.000000,3.000000,2.000000
0.124132,-0.428417,0.137689,-0.882338,1.343968,-0.665361,4.000000,3.000000,2.000000
-0.034804,-0.997952,-1.380612,0.114594,2.648165,-0.537079,4.000000,3.000000,2.000000
0.143528,-0.738151,-1.134280,-0.240318,1.134441,-0.260052,4.000000,3.000000,2.000000
0.146437,-0.857076,-0.559186,-0.040260,0.219059,-0.028534,4.000000,3.000000,2.000000
0.228384,-0.622122,-0.494591,-0.338668,0.078560,0.028276,4.000000,3.000000,2.000000
-0.054057,-0.727537,-1.320596,0.172626,-0.148987,-0.019982,4.000000,3.000000,2.000000
0.052126,-0.752142,-1.074264,0.879092,-1.379575,0.449468,4.000000,3.000000,2.000000
0.585992,-0.855387,-0.401554,0.780132,-2.159650,0.461075,4.000000,3.000000,2.000000
0.206564,-0.558438,0.145000,0.356191,-1.512133,0.404264,4.000000,3.000000,2.000000
0.278570,-1.030517,-0.221746,0.917577,-0.356987,0.094861,4.000000,3.000000,2.000000
0.396884,-0.813655,0.175462,-0.791624,0.189127,-0.353820,4.000000,3.000000,2.000000
0.579931,-0.740805,-0.199572,-0.581792,1.151851,-0.506536,4.000000,3.000000,2.000000
0.026427,-0.777954,-0.595823,-0.603783,1.302734,-0.494930,4.000000,3.000000,2.000000
-0.029867,-0.489689,-2.366660,-1.078426,0.418812,-0.289984,4.000000,3.000000,2.000000
0.645633,-0.750936,-1.737334,2.759946,-2.231427,0.664493,4.000000,3.000000,2.000000
0.066188,-1.290076,0.390402,3.238864,-3.432693,0.815376,4.000000,3.000000,2.000000
0.395429,-1.531543,2.093112,-1.116910,-1.128815,0.006285,4.000000,3.000000,2.000000
-0.048627,-0.766133,0.586091,-2.952560,2.224835,-0.524862,4.000000,3.000000,2.000000
0.161954,-0.754072,-1.252626,-0.351496,3.985960,-0.537079,4.000000,3.000000,2.000000
0.071279,-0.793874,-1.877613,-0.707020,2.549816,-0.493097,4.000000,3.000000,2.000000
0.036367,-0.631771,-0.764543,-0.054921,0.454242,-0.044722,4.000000,3.000000,2.000000
0.100858,-0.853940,-0.503027,0.035793,-0.039642,-0.081374,4.000000,3.000000,2.000000
-0.001481,-0.683634,-1.692021,-0.977022,-0.715564,0.077146,4.000000,3.000000,2.000000
0.201957,-0.684117,-2.053323,1.572730,-2.593670,0.644334,4.000000,3.000000,2.000000
0.139891,-1.142205,0.033386,3.535134,-4.152292,0.881350,4.000000,3.000000,2.000000
0.162924,-1.717287,2.550531,-0.582708,-2.116889,0.221615,4.000000,3.000000,2.000000
0.078795,-0.594863,1.312795,-3.547543,2.199484,-0.805860,4.000000,3.000000,2.000000
-0.054551,-0.702450,-1.755411,-0.947700,4.082782,-1.323874,4.000000,3.000000,2.000000
-0.009627,-0.724160,-3.566500,-0.879894,1.735532,-0.393831,4.000000,3.000000,2.000000
0.535563,-1.148718,-2.178175,3.294148,-3.262262,1.217937,4.000000,3.000000,2.000000
0.014304,-0.691836,0.318999,2.972222,-4.974517,0.968704,4.000000,3.000000,2.000000
-0.324095,-1.616937,1.848928,0.877565,-2.615966,0.081116,4.000000,3.000000,2.000000
0.159529,-0.996987,1.211173,-1.941884,1.359239,-0.536774,4.000000,3.000000,2.000000
0.338697,-0.796045,-0.487360,-1.819100,3.776738,-0.880996,4.000000,3.000000,2.000000
0.347667,-0.680739,-1.391940,-0.575378,3.107536,-0.480269,4.000000,3.000000,2.000000
0.138437,-0.788085,-1.151635,-0.239402,1.816472,-0.570982,4.000000,3.000000,2.000000
-0.004443,-0.906044,-1.632487,-0.346304,0.129262,-0.185526,4.000000,3.000000,2.000000
0.107161,-0.549030,-2.075256,1.168948,-2.216766,0.312940,4.000000,3.000000,2.000000
0.401490,-1.035583,-1.003884,2.341503,-4.381978,0.606766,4.000000,3.000000,2.000000
-0.132798,-0.968040,0.921661,1.417264,-3.605568,0.356922,4.000000,3.000000,2.000000
0.047762,-1.291523,1.630332,-1.213732,-0.647758,-0.045944,4.000000,3.000000,2.000000
0.330454,-0.602823,0.233462,-1.846283,1.911767,-0.542577,4.000000,3.000000,2.000000
0.669636,-0.599688,-1.399653,-0.438544,2.198568,-0.606413,4.000000,3.000000,2.000000
0.649513,-0.842602,-1.883880,0.802123,0.093527,-0.062437,4.000000,3.000000,2.000000
0.545261,-0.879751,-0.811784,1.137488,-1.861548,0.489480,4.000000,3.000000,2.000000
0.345728,-0.671814,0.048983,0.659486,-2.272049,0.348675,4.000000,3.000000,2.000000
0.265721,-0.808107,0.223226,0.217220,-1.434553,-0.140017,4.000000,3.000000,2.000000
0.522471,-0.759379,-0.228495,0.146054,-0.251001,-0.127800,4.000000,3.000000,2.000000
0.547443,-0.695213,-0.210659,-0.080577,-0.044529,-0.137268,4.000000,3.000000,2.000000
0.673757,-0.611025,-0.516765,0.288684,0.113987,0.047202,4.000000,3.000000,2.000000
0.473497,-0.579425,-0.324183,0.591979,-0.115393,0.126920,4.000000,3.000000,2.000000
0.056490,-1.521412,0.717687,0.953000,0.623143,0.216411,4.000000,3.000000,2.000000
0.300633,-1.167292,0.658956,-2.352392,2.794769,-0.484556,4.000000,3.000000,2.000000
0.416280,-0.637560,-0.595341,-2.265954,4.417838,-0.508686,4.000000,3.000000,2.000000
0.182319,-0.776024,-1.912562,-0.307520,3.795672,-0.457373,4.000000,3.000000,2.000000
0.051641,-0.614161,-1.670087,-0.215280,1.470719,-0.241432,4.000000,3.000000,2.000000
0.116374,-0.794598,-1.323247,0.640237,-0.805060,0.035290,4.000000,3.000000,2.000000
0.313725,-0.900496,-0.985325,1.069675,-2.148963,0.604616,4.000000,3.000000,2.000000
0.324878,-0.841878,-0.008677,0.456672,-2.602225,0.400282,4.000000,3.000000,2.000000
0.314695,-0.799181,0.335327,-0.014000,-1.643778,0.246344,4.000000,3.000000,2.000000
0.433736,-0.765410,-0.187761,0.200719,-0.386617,0.030708,4.000000,3.000000,2.000000
0.415067,-0.799664,-0.225603,-0.311796,-0.057972,-0.178208,4.000000,3.000000,2.000000
0.478103,-0.557473,-0.397697,0.264860,0.248683,-0.151329,4.000000,3.000000,2.000000
0.591326,-0.883852,-0.759963,0.152156,-0.018571,0.007496,4.000000,3.000000,2.000000
0.583567,-0.630565,-0.969658,-0.251015,-0.893330,-0.228604,4.000000,3.000000,2.000000
0.574354,-0.753107,-0.827451,1.999718,-1.811460,0.567964,4.000000,3.000000,2.000000
-0.090589,-1.157643,0.893393,1.607848,-1.815737,0.387454,4.000000,3.000000,2.000000
0.096009,-1.127249,1.299879,-1.554296,0.943542,-0.246014,4.000000,3.000000,2.000000
0.483922,-0.927996,-0.062908,-2.655076,3.249864,-0.718823,4.000000,3.000000,2.000000
0.157105,-0.431071,-0.941458,-0.398845,3.583702,-0.517238,4.000000,3.000000,2.000000
0.313725,-1.047885,-1.497029,0.261806,2.763615,-0.309238,4.000000,3.000000,2.000000
0.248022,-0.690147,-0.939047,-0.178628,1.037615,-0.165379,4.000000,3.000000,2.000000
0.167045,-0.750212,-0.518935,-0.259873,0.446908,-0.136363,4.000000,3.000000,2.000000
0.229839,-0.683634,-0.496037,0.000661,0.299079,-0.212721,4.000000,3.000000,2.000000
0.105222,-0.924860,-0.859990,0.185142,0.152471,-0.118954,4.000000,3.000000,2.000000
0.100130,-0.612955,-1.195502,-0.531097,-1.158751,-0.009303,4.000000,3.000000,2.000000
0.352274,-0.833677,-1.994271,2.258724,-2.470279,0.713656,4.000000,3.000000,2.000000
0.325120,-0.979618,-0.161730,2.279494,-4.071356,0.692275,4.000000,3.000000,2.000000
-0.083184,-0.976241,1.168770,0.706210,-2.941256,0.086297,4.000000,3.000000,2.000000
0.100858,-1.055846,0.965283,-1.444952,-0.000245,-0.306489,4.000000,3.000000,2.000000
0.509136,-0.574600,-0.133048,-1.035366,1.842430,-0.593290,4.000000,3.000000,2.000000
0.657756,-0.842120,-1.246841,-0.134951,1.963687,-0.319928,4.000000,3.000000,2.000000
0.574839,-0.627911,-0.847215,-0.156331,0.526932,-0.050231,4.000000,3.000000,2.000000
0.649755,-0.795563,-1.017141,0.112144,-0.289490,0.017880,4.000000,3.000000,2.000000
0.491195,-0.733568,-0.729594,0.573042,-1.349952,0.219160,4.000000,3.000000,2.000000
0.567566,-0.945364,-0.643064,1.037299,-1.809322,0.397228,4.000000,3.000000,2.000000
0.221838,-0.805212,0.345562,0.248367,-1.906755,0.157463,4.000000,3.000000,2.000000
0.504287,-0.752625,-0.028682,-0.158775,-0.654787,-0.028851,4.000000,3.000000,2.000000
0.616540,-0.687494,-0.293332,-0.009724,-0.205190,0.080799,4.000000,3.000000,2.000000
0.595447,-0.717165,-0.368292,0.059304,-0.094624,0.037122,4.000000,3.000000,2.000000
0.549382,-0.755520,-0.271639,0.029684,-0.076001,-0.021520,4.000000,3.000000,2.000000
0.557868,-0.564227,-0.215239,-0.096460,-0.129452,-0.046260,4.000000,3.000000,2.000000
0.640542,-0.682428,-0.361784,0.362605,0.062054,-0.027628,4.000000,3.000000,2.000000
0.352759,-0.550960,-0.021452,0.236156,0.079159,0.217634,4.000000,3.000000,2.000000
0.348637,-1.012425,0.228588,0.428273,0.905048,0.223437,4.000000,3.000000,2.000000
0.290935,-0.874685,0.355066,-0.756805,1.930080,-0.397507,4.000000,3.000000,2.000000
0.520046,-0.892777,-0.573889,-0.765968,3.058348,-0.482417,4.000000,3.000000,2.000000
0.442221,-0.861659,-0.438431,-1.314525,2.524452,-0.780825,4.000000,3.000000,2.000000
0.279783,-0.851045,-1.056910,-0.790403,2.486273,-0.468368,4.000000,3.000000,2.000000
-0.008639,-0.510916,-1.681898,-0.828582,1.145729,-0.158353,4.000000,3.000000,2.000000
0.247780,-0.923895,-2.628658,2.067530,-1.222290,0.416165,4.000000,3.000000,2.000000
0.588901,-1.097578,-0.454098,2.004917,-4.179183,0.618056,4.000000,3.000000,2.000000
0.008728,-0.916176,0.652376,0.417278,-3.975154,0.122034,4.000000,3.000000,2.000000
0.138437,-0.811484,0.662612,-0.254979,-2.017636,-0.038929,4.000000,3.000000,2.000000
0.480770,-0.563262,-0.016631,0.026630,-0.163966,-0.049619,4.000000,3.000000,2.000000
0.744551,-0.704862,-0.511463,0.102377,0.104204,-0.251205,4.000000,3.000000,2.000000
0.196866,-0.636113,-0.069898,0.525401,-0.185041,0.137611,4.000000,3.000000,2.000000
0.582113,-1.010736,0.208117,-0.146245,1.009506,0.025212,4.000000,3.000000,2.000000
0.509621,-0.736945,-0.072791,-1.072928,1.641446,-0.398729,4.000000,3.000000,2.000000
0.554231,-0.724160,-1.021961,-0.188395,2.071496,-0.304045,4.000000,3.000000,2.000000
0.906748,-0.790738,-1.884120,0.506770,0.080380,-0.187675,4.000000,3.000000,2.000000
0.836681,-0.880957,-1.019792,1.155509,-1.656615,0.432964,4.000000,3.000000,2.000000
0.072976,-0.607166,0.548562,0.076720,-2.044514,0.124783,4.000000,3.000000,2.000000
0.517137,-0.644073,-0.129432,0.354359,-0.438855,-0.100627,4.000000,3.000000,2.000000
0.458708,-0.642867,-0.266096,0.379404,-0.151748,-0.067640,4.000000,3.000000,2.000000
-0.013576,-1.433606,0.483738,0.886728,0.713542,0.261005,4.000000,3.000000,2.000000
0.424523,-0.891571,0.789578,-1.775423,3.261766,-0.377960,4.000000,3.000000,2.000000
0.329726,-0.790738,-0.241029,-2.933012,3.486259,-0.895362,4.000000,3.000000,2.000000
0.003152,-0.380172,-1.012561,0.687280,3.740685,-0.270142,4.000000,3.000000,2.000000
0.275903,-1.010736,-1.709375,-0.301711,2.230626,-0.504103,4.000000,3.000000,2.000000
0.141346,-0.786638,-0.684280,-0.273916,0.417578,-0.139722,4.000000,3.000000,2.000000
0.196139,-0.655652,-0.529058,-0.370738,0.212938,-0.018465,4.000000,3.000000,2.000000
0.178683,-0.835607,-1.012079,0.334200,-0.094327,0.027044,4.000000,3.000000,2.000000
-0.013823,-0.901461,-1.012561,0.129560,-1.370119,0.123255,4.000000,3.000000,2.000000
0.369245,-0.859005,-1.098608,1.742550,-2.330705,0.614086,4.000000,3.000000,2.000000
0.300390,-0.879510,0.260999,0.555333,-2.652325,0.211525,4.000000,3.000000,2.000000
0.406339,-0.785432,0.267335,-0.258034,-1.409214,0.034374,4.000000,3.000000,2.000000
0.475436,-0.584732,-0.302973,-0.354245,-0.581798,-0.041067,4.000000,3.000000,2.000000
0.591568,-0.691836,-0.791297,0.735844,-0.662126,-0.051452,4.000000,3.000000,2.000000
0.606357,-0.934509,-1.044136,1.155509,-1.498706,0.393869,4.000000,3.000000,2.000000
0.275419,-0.806177,0.198126,0.477448,-2.126065,0.239320,4.000000,3.000000,2.000000
0.379670,-0.733568,0.159378,-0.182592,-0.919912,0.010551,4.000000,3.000000,2.000000
0.614358,-0.566881,-0.194510,0.028157,0.009520,0.009634,4.000000,3.000000,2.000000
0.620904,-0.663371,-0.530022,0.208056,0.079769,0.014521,4.000000,3.000000,2.000000
0.081704,-1.204682,0.351655,1.313112,0.190031,0.182204,4.000000,3.000000,2.000000
0.099645,-1.120736,0.918981,-1.885684,1.901675,-0.361772,4.000000,3.000000,2.000000
0.587446,-0.618986,0.368226,-2.435157,3.875992,-0.476003,4.000000,3.000000,2.000000
0.217232,-0.855387,-1.944378,-0.391508,4.071163,-0.576185,4.000000,3.000000,2.000000
0.080250,-0.904838,-1.865802,0.154911,1.100831,0.017576,4.000000,3.000000,2.000000
0.348395,-0.705827,-1.339155,0.569689,-1.084234,0.582321,4.000000,3.000000,2.000000
0.300633,-0.584008,-0.251152,0.567856,-2.331621,0.283913,4.000000,3.000000,2.000000
0.401975,-0.773370,0.093580,0.809453,-1.518865,-0.124145,4.000000,3.000000,2.000000
0.417492,-0.767822,-0.064114,0.331451,-0.648382,-0.045649,4.000000,3.000000,2.000000
0.554959,-0.681463,-0.299116,0.095046,-0.093105,-0.005026,4.000000,3.000000,2.000000
0.613631,-0.571223,-0.489288,0.412696,0.000968,0.034069,4.000000,3.000000,2.000000
0.431311,-0.972382,-0.367328,1.287761,-0.125787,-0.125367,4.000000,3.000000,2.000000
0.324635,-1.264506,0.550511,-0.530174,0.266389,-0.308932,4.000000,3.000000,2.000000
0.511076,-0.612955,0.542469,-2.109261,2.081880,-0.545031,4.000000,3.000000,2.000000
0.165591,-0.625499,-1.152599,-0.634938,2.603865,-0.561830,4.000000,3.000000,2.000000
0.081947,-0.814620,-2.214330,-0.560412,0.860150,-0.318400,4.000000,3.000000,2.000000
0.326575,-0.926549,-2.118882,2.058062,-2.133701,0.598814,4.000000,3.000000,2.000000
0.402945,-1.011943,-0.333584,1.365646,-4.195676,0.324230,4.000000,3.000000,2.000000
0.242688,-0.811243,0.319730,0.418500,-3.312671,0.508711,4.000000,3.000000,2.000000
0.059157,-0.585696,0.693805,0.604813,-1.622101,0.345610,4.000000,3.000000,2.000000
0.475436,-1.263541,0.395520,-0.338057,0.610917,-0.031599,4.000000,3.000000,2.000000
0.336030,-0.385479,0.086512,-1.709144,1.493312,-0.215164,4.000000,3.000000,2.000000
0.708669,-0.849598,-0.743332,0.874816,2.212605,-0.105819,4.000000,3.000000,2.000000
0.643694,-0.843808,-1.095234,-0.177399,0.999427,0.046897,4.000000,3.000000,2.000000
0.540412,-0.639731,-0.608356,-0.208248,0.102066,0.161129,4.000000,3.000000,2.000000
0.438585,-0.656617,-0.434575,0.056256,-0.103490,0.039872,4.000000,3.000000,2.000000
0.504772,-0.770958,-0.456990,-0.032014,-0.148694,-0.072527,4.000000,3.000000,2.000000
0.421613,-0.594139,-0.377933,0.013493,-0.122134,0.041699,4.000000,3.000000,2.000000
0.505257,-0.586661,-0.429995,0.366879,0.083117,0.107978,4.000000,3.000000,2.000000
0.607812,-0.547100,-0.460124,0.185757,0.054101,0.018486,4.000000,3.000000,2.000000
0.429857,-0.748283,-0.508329,1.805466,0.094418,0.183725,4.000000,3.000000,2.000000
0.313967,-1.333979,0.499579,-0.338976,0.433753,-0.109490,4.000000,3.000000,2.000000
0.560777,-0.816308,0.433780,-1.508478,2.087976,-0.590241,4.000000,3.000000,2.000000
0.338697,-0.696419,-0.552920,-1.524665,2.901038,-0.896896,4.000000,3.000000,2.000000
-0.283861,-0.759138,-1.480398,-0.710382,2.666771,-0.851081,4.000000,3.000000,2.000000
-0.039987,-0.742734,-2.302787,-0.730541,0.186658,-0.078031,4.000000,3.000000,2.000000
0.563202,-0.969728,-2.618535,2.588596,-2.629736,1.109491,4.000000,3.000000,2.000000
0.291905,-0.701002,0.287806,2.178705,-5.175517,0.403942,4.000000,3.000000,2.000000
-0.141684,-1.132555,1.181686,2.387010,-2.936390,0.440594,4.000000,3.000000,2.000000
-0.058500,-1.557113,1.700760,-1.884160,0.385190,0.210603,4.000000,3.000000,2.000000
0.481013,-0.786155,0.436705,-2.605286,3.418441,-0.567028,4.000000,3.000000,2.000000
0.322938,-0.887229,-1.043172,-1.041471,4.356425,-0.938740,4.000000,3.000000,2.000000
0.057460,-0.687494,-1.055705,-0.708244,3.730288,-0.564890,4.000000,3.000000,2.000000
-0.012835,-0.759138,-1.124880,0.002498,3.264503,-0.682787,4.000000,3.000000,2.000000
-0.347791,-0.885299,-0.919042,-0.124562,2.139289,-0.700197,4.000000,3.000000,2.000000
-0.418633,-0.710410,-1.070167,-0.339587,0.808519,-0.205091,4.000000,3.000000,2.000000
-0.483057,-0.909663,-1.398207,-0.320345,-1.827975,0.498626,4.000000,3.000000,2.000000
0.057945,-0.655411,-1.289744,0.520511,-3.679202,0.738696,4.000000,3.000000,2.000000
0.497984,-1.007118,-0.433851,0.955753,-3.775108,0.613774,4.000000,3.000000,2.000000
0.213110,-0.770234,0.489343,-0.033543,-3.234798,0.549633,4.000000,3.000000,2.000000
0.471557,-0.679292,0.287806,0.312817,-1.604398,0.217017,4.000000,3.000000,2.000000
0.463799,-0.821133,-0.216685,0.103290,-0.933668,-0.127511,4.000000,3.000000,2.000000
0.530714,-0.789774,-0.739717,0.754778,-0.800500,-0.052374,4.000000,3.000000,2.000000
0.524895,-0.999158,-0.540145,1.027529,-1.619670,0.246033,4.000000,3.000000,2.000000
0.309846,-0.781089,0.096991,0.113064,-1.637996,0.130885,4.000000,3.000000,2.000000
0.418704,-0.768304,0.152554,0.019907,-0.722920,0.130274,4.000000,3.000000,2.000000
0.601508,-0.511399,-0.213310,-0.302019,-0.067462,-0.034049,4.000000,3.000000,2.000000
0.611691,-0.761791,-0.431441,0.631994,0.058377,-0.031910,4.000000,3.000000,2.000000
0.223050,-0.787361,0.109420,0.660705,0.109079,0.040477,4.000000,3.000000,2.000000
0.077583,-1.245449,0.793477,-0.446794,1.399226,0.020013,4.000000,3.000000,2.000000
0.071279,-0.827887,0.997695,-2.599483,3.176844,-0.758840,4.000000,3.000000,2.000000
0.414340,-0.830058,-1.914972,-0.995656,4.566562,-0.801601,4.000000,3.000000,2.000000
0.177470,-0.696902,-1.859295,-0.199088,1.940147,-0.047793,4.000000,3.000000,2.000000
0.425493,-1.110845,-1.841458,0.931929,-0.688711,0.638820,4.000000,3.000000,2.000000
0.283177,-0.798458,-0.226808,1.066930,-2.708232,0.587201,4.000000,3.000000,2.000000
0.307421,-0.751660,0.448890,0.133528,-1.953813,0.284518,4.000000,3.000000,2.000000
0.382095,-0.796287,0.033386,-0.065614,-0.674662,0.004131,4.000000,3.000000,2.000000
0.489013,-0.736704,-0.259829,0.091684,0.001566,-0.066730,4.000000,3.000000,2.000000
0.491195,-0.829817,-0.336717,0.083437,0.049825,-0.096662,4.000000,3.000000,2.000000
0.503803,-0.691595,-0.291886,-0.081184,0.072431,-0.173334,4.000000,3.000000,2.000000
0.479558,-0.778677,-0.393600,0.497000,0.155814,-0.109193,4.000000,3.000000,2.000000
0.595690,-0.755520,-0.389261,-0.344467,-0.127017,-0.387442,4.000000,3.000000,2.000000
0.797162,-0.844773,-1.145127,0.270064,-0.831039,0.063987,4.000000,3.000000,2.000000
0.327302,-0.694731,-0.469524,1.953608,-2.098890,0.790611,4.000000,3.000000,2.000000
-0.038013,-1.151371,1.017434,1.499735,-0.952296,0.317496,4.000000,3.000000,2.000000
0.327544,-1.131349,0.786410,-1.615067,1.425497,-0.448529,4.000000,3.000000,2.000000
0.178683,-0.552166,-0.022416,-1.702115,3.131339,-0.643395,4.000000,3.000000,2.000000
0.448767,-0.988544,-1.119337,0.186375,3.116067,-0.355372,4.000000,3.000000,2.000000
0.471072,-0.739599,-1.337950,-0.914099,1.377850,-0.249692,4.000000,3.000000,2.000000
0.250204,-0.760585,-0.572443,-0.852401,0.235532,-0.251219,4.000000,3.000000,2.000000
0.308634,-0.617538,-0.485673,-0.447703,0.122216,-0.267407,4.000000,3.000000,2.000000
0.257478,-0.760103,-0.403723,0.786245,0.115802,-0.194409,4.000000,3.000000,2.000000
0.525623,-1.115187,-0.945555,-0.458393,-0.407404,-0.156841,4.000000,3.000000,2.000000
0.122193,-0.728985,-1.551742,0.362304,-1.947395,0.246025,4.000000,3.000000,2.000000
0.632299,-1.077556,-0.732727,3.140214,-3.259228,1.168126,4.000000,3.000000,2.000000
-0.006911,-0.856352,1.005737,1.031507,-2.938829,0.511751,4.000000,3.000000,2.000000
0.016244,-1.213607,1.166089,-1.103161,-0.366781,-0.245416,4.000000,3.000000,2.000000
0.333363,-0.498131,0.128672,-1.866438,1.877843,-0.720669,4.000000,3.000000,2.000000
0.733641,-1.024728,-1.160312,0.212337,2.043388,-0.361786,4.000000,3.000000,2.000000
0.532896,-0.749971,-0.684521,-0.226264,0.379085,-0.250608,4.000000,3.000000,2.000000
0.470830,-0.781572,-0.393841,0.024801,-0.030195,-0.137293,4.000000,3.000000,2.000000
0.603205,-0.995057,-0.429995,-0.272077,-0.262937,-0.043231,4.000000,3.000000,2.000000
0.510106,-0.807142,-0.608597,-0.890884,-0.709785,0.158049,4.000000,3.000000,2.000000
0.495075,-0.884817,-0.636798,0.376356,-1.476726,0.655293,4.000000,3.000000,2.000000
0.455556,-0.805695,-0.180289,0.289003,-1.871650,0.634829,4.000000,3.000000,2.000000
0.284389,-0.717647,0.430125,-0.344159,-1.531093,0.230742,4.000000,3.000000,2.000000
0.508409,-0.697143,0.092605,-0.209158,-0.417791,0.107347,4.000000,3.000000,2.000000
0.518592,-0.730673,-0.006267,-0.066521,-0.108388,-0.042009,4.000000,3.000000,2.000000
0.571445,-0.795804,-0.098822,0.021133,-0.068691,-0.127534,4.000000,3.000000,2.000000
0.540169,-0.744664,-0.084601,0.034573,0.009494,-0.147092,4.000000,3.000000,2.000000
0.542351,-0.740564,-0.078093,0.029694,0.039123,-0.160251,4.000000,3.000000,2.000000
0.573627,-0.706551,-0.153053,0.328104,0.022327,-0.096124,4.000000,3.000000,2.000000
0.498711,-0.720783,-0.067970,0.318636,0.061728,-0.111396,4.000000,3.000000,2.000000
0.552292,-0.742493,-0.164623,0.572145,0.114568,-0.017628,4.000000,3.000000,2.000000
0.529259,-0.756967,-0.101473,0.608797,0.153663,0.057509,4.000000,3.000000,2.000000
0.584537,-0.824751,-0.185351,0.487235,0.239795,0.040099,4.000000,3.000000,2.000000
0.596174,-0.847185,-0.165346,0.606659,0.118538,0.099964,4.000000,3.000000,2.000000
0.540897,-0.849598,-0.114971,0.289925,0.186955,-0.024653,4.000000,3.000000,2.000000
0.618722,-0.824993,-0.275737,0.321996,0.118538,-0.088794,4.000000,3.000000,2.000000
0.481982,-0.817756,-0.015667,0.201045,0.117317,-0.064054,4.000000,3.000000,2.000000
0.779949,-0.695213,-0.466872,0.221203,0.273393,-0.136747,4.000000,3.000000,2.000000
0.300633,-0.516223,-0.063873,0.018701,-0.365267,0.125925,4.000000,3.000000,2.000000
0.450707,-1.056087,0.057025,1.467368,1.310947,0.073086,4.000000,3.000000,2.000000
0.124375,-0.920518,0.394789,-0.947688,1.463358,-0.506931,4.000000,3.000000,2.000000
0.713276,-1.051986,-1.016418,0.129573,2.460901,-0.265028,4.000000,3.000000,2.000000
0.601023,-0.817032,-0.973755,-0.464799,0.860434,-0.194473,4.000000,3.000000,2.000000
0.400521,-0.554820,-0.454339,-0.086673,0.232465,-0.035648,4.000000,3.000000,2.000000
0.647816,-0.867448,-0.832031,0.145150,-0.194225,-0.125140,4.000000,3.000000,2.000000
0.463557,-0.688218,-0.717783,0.090783,-1.006981,-0.145604,4.000000,3.000000,2.000000
0.561990,-1.051745,-0.821184,1.251427,-1.659079,0.202894,4.000000,3.000000,2.000000
0.265236,-0.768063,0.306571,0.161338,-2.012465,0.222748,4.000000,3.000000,2.000000
0.422826,-0.756243,-0.031575,-0.157228,-0.703686,0.063617,4.000000,3.000000,2.000000
0.337242,-0.702450,-0.051821,-0.097974,-0.249813,0.029409,4.000000,3.000000,2.000000
0.101342,-0.718612,0.262462,0.741049,0.819201,-0.013963,4.000000,3.000000,2.000000
0.373852,-1.065736,0.172537,0.479294,2.120649,-0.264417,4.000000,3.000000,2.000000
0.280025,-0.975759,0.057512,-2.035944,2.455709,-0.560993,4.000000,3.000000,2.000000
0.459193,-0.640213,-0.936878,0.405990,3.313669,-0.086961,4.000000,3.000000,2.000000
0.478346,-0.997228,-1.371694,-0.044218,1.616991,0.025438,4.000000,3.000000,2.000000
0.298693,-0.699796,-0.756348,-0.291618,0.245904,0.018108,4.000000,3.000000,2.000000
0.301603,-0.786396,-0.476514,-0.339877,-0.007911,-0.177064,4.000000,3.000000,2.000000
0.313483,-0.849115,-0.424210,-0.277263,-0.071441,-0.187754,4.000000,3.000000,2.000000
0.322938,-0.893742,-0.423246,-0.305668,-0.132222,-0.124224,4.000000,3.000000,2.000000
0.327544,-0.910145,-0.337440,-0.432423,-0.157267,-0.088794,4.000000,3.000000,2.000000
0.312998,-0.914729,-0.346117,-0.611101,-0.121532,-0.071690,4.000000,3.000000,2.000000
0.278570,-0.824993,-0.361302,-0.542073,-0.119699,-0.053974,4.000000,3.000000,2.000000
0.240991,-0.773129,-0.308035,-0.408904,-0.148410,0.002531,4.000000,3.000000,2.000000
0.234445,-0.707516,-0.264890,-0.163642,-0.061667,0.012610,4.000000,3.000000,2.000000
0.233233,-0.760103,-0.277665,0.096868,0.041560,-0.027705,4.000000,3.000000,2.000000
0.274691,-0.811966,-0.295742,0.183936,0.116400,-0.000220,4.000000,3.000000,2.000000
0.325362,-0.866966,-0.257901,0.186700,0.154589,0.012302,4.000000,3.000000,2.000000
0.368275,-0.866242,-0.316953,0.283828,0.179634,0.015968,4.000000,3.000000,2.000000